{
  "members": [
    {
      "firstName": "fauzan",
      "lastName": "zan",
      "gender": "male",
      "age": 23,
      "nim": "2211104019"
    },
    {
      "firstName": "Idham",
      "lastName": "damjo",
      "gender": "male",
      "age": 32,
      "nim": "2211104016"
    },
    {
      "firstName": "Hanifa",
      "lastName": "Fa",
      "gender": "female",
      "age": 21,
      "nim": "2211104018"
    },
    {
      "firstName": "Altha",
      "lastName": "Al",
      "gender": "female",
      "age": 21,
      "nim": "2211104013"
    }
  ]
}
